name,application_id,unique_ci_identifier,environment,ci_regions,class,category,subcategory,manufacturer,ci_criticality,operational_status,owning_company_sector,support_group,support_group_2,support_group_3,ci_short_description,knowledge_number,knowledge_base,knowledge_domain,author,source,parent_article,language,version,confidence,workflow_state,published,valid_to,description,meta_description,knowledge_short_description,incident_resolution_sub_code,incident_resolution_code,incident_resolution_category,dv_kb_issue,dv_kb_cause,uuid
Name_1,3110,CI_1,Staging,Europe,Server,Hardware,Backup,Manufacturer_7,Low,Decommissioned,Manufacturing,Support_Group_3,Support_Group_3,Support_Group_4,Description of CI 1,KN_303,kQhXj,Domain_3,Author_1,Source_3,Parent_3,Spanish,4,0.7,Published,TRUE,31-12-2024,Description for article 1,Meta description for 1,Short desc for knowledge 1,Sub_Code_10,Resolution_6,Hardware,Issue_4,Cause_7,95162cca-6d20-4b3a-8c2f-25e99832ff7d
Name_2,3626,CI_2,Production,Europe,Server,Service,Networking,Manufacturer_3,Medium,Under Maintenance,Retail,Support_Group_1,Support_Group_5,Support_Group_5,Description of CI 2,KN_381,lbqGX,Domain_3,Author_2,Source_5,Parent_2,English,1,0.6,Published,FALSE,31-12-2023,Description for article 2,Meta description for 2,Short desc for knowledge 2,Sub_Code_10,Resolution_4,Software,Issue_4,Cause_4,f5433f47-b13c-4717-a490-d601b90b0336
Name_3,6604,CI_3,Staging,Australia,Storage,Service,Networking,Manufacturer_6,Medium,Decommissioned,Finance,Support_Group_2,Support_Group_3,Support_Group_4,Description of CI 3,KN_259,PAzUg,Domain_5,Author_3,Source_3,Parent_2,Spanish,4,0.79,Review,TRUE,31-12-2025,Description for article 3,Meta description for 3,Short desc for knowledge 3,Sub_Code_5,Resolution_1,Hardware,Issue_4,Cause_9,2671018c-8ef9-4f1c-be15-9ac10de7a4b6
Name_4,7583,CI_4,Development,Europe,Storage,Hardware,Storage,Manufacturer_8,Critical,Under Maintenance,Finance,Support_Group_4,Support_Group_4,Support_Group_1,Description of CI 4,KN_276,rQNqk,Domain_2,Author_4,Source_3,Parent_3,Japanese,3,0.8,Published,FALSE,31-12-2025,Description for article 4,Meta description for 4,Short desc for knowledge 4,Sub_Code_9,Resolution_4,Software,Issue_4,Cause_10,45b41891-00e9-4155-a9e4-2262e24eea9f
Name_5,5922,CI_5,Development,Australia,Server,Hardware,Compute,Manufacturer_5,High,Decommissioned,Retail,Support_Group_5,Support_Group_3,Support_Group_2,Description of CI 5,KN_898,fgNWS,Domain_5,Author_5,Source_1,Parent_1,Japanese,1,0.97,Review,TRUE,31-12-2024,Description for article 5,Meta description for 5,Short desc for knowledge 5,Sub_Code_5,Resolution_2,Software,Issue_9,Cause_8,8ebaa9f1-5000-456b-bd6f-7e9bf28cbe23
Name_6,8418,CI_6,Development,Asia,Storage,Software,Storage,Manufacturer_4,Critical,Operational,Technology,Support_Group_3,Support_Group_1,Support_Group_1,Description of CI 6,KN_736,OuEKS,Domain_5,Author_6,Source_3,Parent_2,German,1,0.77,Review,TRUE,31-12-2025,Description for article 6,Meta description for 6,Short desc for knowledge 6,Sub_Code_10,Resolution_1,Service,Issue_7,Cause_5,cf39e7ee-4c25-4f3c-a5c0-827e5951014d
Name_7,5050,CI_7,Development,North America,Network,Hardware,Security,Manufacturer_2,Low,Under Maintenance,Retail,Support_Group_3,Support_Group_4,Support_Group_5,Description of CI 7,KN_849,HYjwZ,Domain_3,Author_7,Source_4,Parent_1,French,3,0.56,Draft,TRUE,31-12-2024,Description for article 7,Meta description for 7,Short desc for knowledge 7,Sub_Code_3,Resolution_8,Software,Issue_2,Cause_3,86c3eac7-6d00-43d9-9af2-f29636b364f8
Name_8,6289,CI_8,Production,North America,Application,Software,Networking,Manufacturer_10,High,Decommissioned,Technology,Support_Group_3,Support_Group_4,Support_Group_4,Description of CI 8,KN_310,pbGpU,Domain_2,Author_8,Source_5,Parent_1,Japanese,1,0.82,Review,FALSE,31-12-2025,Description for article 8,Meta description for 8,Short desc for knowledge 8,Sub_Code_7,Resolution_2,Service,Issue_1,Cause_6,755583c3-934e-432a-9a7e-f9ee92f2729e
Name_9,1359,CI_9,Production,North America,Database,Service,Backup,Manufacturer_9,High,Decommissioned,Retail,Support_Group_3,Support_Group_3,Support_Group_2,Description of CI 9,KN_120,nZRXv,Domain_5,Author_9,Source_5,Parent_1,Japanese,5,0.93,Draft,FALSE,31-12-2023,Description for article 9,Meta description for 9,Short desc for knowledge 9,Sub_Code_6,Resolution_7,Service,Issue_9,Cause_9,ba6425e3-02d5-4ef3-ba36-28adf68d82ab
Name_10,2585,CI_10,Staging,Europe,Server,Software,Backup,Manufacturer_9,Medium,Decommissioned,Retail,Support_Group_3,Support_Group_1,Support_Group_1,Description of CI 10,KN_880,zlpJh,Domain_5,Author_10,Source_3,Parent_1,Japanese,5,0.76,Draft,FALSE,31-12-2025,Description for article 10,Meta description for 10,Short desc for knowledge 10,Sub_Code_5,Resolution_4,Software,Issue_6,Cause_6,73bc9649-c739-4c85-a3ba-1f8cd93614cb
Name_11,3675,CI_11,Staging,North America,Server,Service,Backup,Manufacturer_10,Low,Decommissioned,Retail,Support_Group_4,Support_Group_1,Support_Group_4,Description of CI 11,KN_507,zYIsn,Domain_1,Author_11,Source_4,Parent_4,Spanish,1,0.57,Published,TRUE,31-12-2024,Description for article 11,Meta description for 11,Short desc for knowledge 11,Sub_Code_1,Resolution_9,Software,Issue_1,Cause_7,eeffe4c5-82b3-4a28-b22a-fb36d21e34bf
Name_12,3883,CI_12,Production,Asia,Application,Software,Backup,Manufacturer_5,High,Operational,Manufacturing,Support_Group_3,Support_Group_2,Support_Group_2,Description of CI 12,KN_789,VNFwc,Domain_4,Author_12,Source_1,Parent_1,English,5,0.54,Draft,TRUE,31-12-2023,Description for article 12,Meta description for 12,Short desc for knowledge 12,Sub_Code_2,Resolution_3,Hardware,Issue_1,Cause_7,0d7a9ab3-8664-46cf-91ea-939cad93bcab
Name_13,9504,CI_13,Staging,North America,Application,Software,Security,Manufacturer_9,Critical,Decommissioned,Healthcare,Support_Group_5,Support_Group_2,Support_Group_2,Description of CI 13,KN_103,eCqDn,Domain_4,Author_13,Source_5,Parent_2,English,3,0.67,Archived,FALSE,31-12-2025,Description for article 13,Meta description for 13,Short desc for knowledge 13,Sub_Code_7,Resolution_5,Hardware,Issue_6,Cause_4,05d210cf-24ab-4775-afad-b41c99fd49d9
Name_14,8390,CI_14,Development,North America,Application,Hardware,Security,Manufacturer_2,Critical,Operational,Finance,Support_Group_4,Support_Group_1,Support_Group_1,Description of CI 14,KN_665,KUNKj,Domain_4,Author_14,Source_1,Parent_4,German,4,0.89,Archived,TRUE,31-12-2024,Description for article 14,Meta description for 14,Short desc for knowledge 14,Sub_Code_5,Resolution_7,Software,Issue_6,Cause_8,90169b43-8d76-4ad5-876f-211393436912
Name_15,6022,CI_15,Development,North America,Server,Software,Networking,Manufacturer_6,Critical,Operational,Technology,Support_Group_2,Support_Group_2,Support_Group_2,Description of CI 15,KN_133,iESsA,Domain_5,Author_15,Source_3,Parent_2,English,4,0.89,Review,TRUE,31-12-2025,Description for article 15,Meta description for 15,Short desc for knowledge 15,Sub_Code_9,Resolution_8,Hardware,Issue_1,Cause_8,a0782892-4e85-4c36-8bd8-7e2a416ac732
Name_16,5597,CI_16,Production,Australia,Database,Service,Storage,Manufacturer_10,Critical,Operational,Finance,Support_Group_5,Support_Group_5,Support_Group_3,Description of CI 16,KN_625,grxqg,Domain_2,Author_16,Source_5,Parent_5,Spanish,2,0.87,Draft,TRUE,31-12-2023,Description for article 16,Meta description for 16,Short desc for knowledge 16,Sub_Code_8,Resolution_1,Software,Issue_6,Cause_7,e9db2f28-058d-4798-898c-949bb5d80b70
Name_17,7941,CI_17,Production,Asia,Server,Software,Compute,Manufacturer_1,Low,Decommissioned,Healthcare,Support_Group_5,Support_Group_3,Support_Group_4,Description of CI 17,KN_384,mtdfZ,Domain_5,Author_17,Source_5,Parent_5,English,3,0.8,Archived,TRUE,31-12-2025,Description for article 17,Meta description for 17,Short desc for knowledge 17,Sub_Code_9,Resolution_2,Service,Issue_8,Cause_8,31184b72-fa56-412e-97f3-e22be763212b
Name_18,2626,CI_18,Production,Australia,Server,Software,Storage,Manufacturer_2,High,Operational,Finance,Support_Group_1,Support_Group_5,Support_Group_3,Description of CI 18,KN_740,eBilT,Domain_3,Author_18,Source_2,Parent_3,Spanish,5,0.87,Archived,TRUE,31-12-2024,Description for article 18,Meta description for 18,Short desc for knowledge 18,Sub_Code_3,Resolution_3,Software,Issue_10,Cause_10,d735f0bb-701e-4e33-8bcb-c95f245fe917
Name_19,1303,CI_19,Development,Australia,Database,Software,Networking,Manufacturer_10,Low,Under Maintenance,Manufacturing,Support_Group_4,Support_Group_5,Support_Group_5,Description of CI 19,KN_778,CKKMg,Domain_1,Author_19,Source_3,Parent_5,Japanese,2,0.67,Draft,FALSE,31-12-2024,Description for article 19,Meta description for 19,Short desc for knowledge 19,Sub_Code_9,Resolution_10,Hardware,Issue_3,Cause_6,bdb28d79-eb98-4a08-8f68-2807d1fc069a
Name_20,6251,CI_20,Development,Australia,Network,Hardware,Security,Manufacturer_6,Critical,Under Maintenance,Healthcare,Support_Group_1,Support_Group_5,Support_Group_3,Description of CI 20,KN_266,rzthW,Domain_5,Author_20,Source_5,Parent_2,French,4,0.99,Published,TRUE,31-12-2025,Description for article 20,Meta description for 20,Short desc for knowledge 20,Sub_Code_10,Resolution_1,Hardware,Issue_3,Cause_10,0157021c-6de9-4516-84bc-d438bf3f5960
Name_21,2904,CI_21,Development,Australia,Database,Software,Networking,Manufacturer_2,High,Operational,Manufacturing,Support_Group_4,Support_Group_5,Support_Group_5,Description of CI 21,KN_704,KvkSS,Domain_3,Author_21,Source_2,Parent_1,German,5,0.59,Review,TRUE,31-12-2023,Description for article 21,Meta description for 21,Short desc for knowledge 21,Sub_Code_7,Resolution_10,Hardware,Issue_1,Cause_2,055de9ac-b828-4735-886e-4f2b69940f8e
Name_22,5617,CI_22,Production,North America,Database,Hardware,Security,Manufacturer_7,High,Operational,Technology,Support_Group_1,Support_Group_4,Support_Group_1,Description of CI 22,KN_337,RKnSc,Domain_1,Author_22,Source_5,Parent_3,Spanish,4,0.71,Review,FALSE,31-12-2023,Description for article 22,Meta description for 22,Short desc for knowledge 22,Sub_Code_9,Resolution_7,Hardware,Issue_6,Cause_9,6333cf2e-0171-4f7e-9013-4aef50997a9c
Name_23,7782,CI_23,Staging,Australia,Database,Hardware,Security,Manufacturer_5,Medium,Under Maintenance,Healthcare,Support_Group_5,Support_Group_5,Support_Group_1,Description of CI 23,KN_747,eFdmv,Domain_1,Author_23,Source_5,Parent_1,Spanish,2,0.97,Draft,FALSE,31-12-2025,Description for article 23,Meta description for 23,Short desc for knowledge 23,Sub_Code_4,Resolution_3,Software,Issue_9,Cause_2,7e2e9b56-a318-4dcc-bff4-60d269dcbdcc
Name_24,7864,CI_24,Development,Asia,Network,Hardware,Compute,Manufacturer_3,High,Operational,Finance,Support_Group_5,Support_Group_4,Support_Group_5,Description of CI 24,KN_629,RUAdf,Domain_3,Author_24,Source_1,Parent_2,German,3,0.77,Draft,FALSE,31-12-2025,Description for article 24,Meta description for 24,Short desc for knowledge 24,Sub_Code_8,Resolution_1,Service,Issue_7,Cause_7,29d3984d-a6c6-4e49-be9e-d21a21bc964f
Name_25,4455,CI_25,Production,North America,Server,Service,Backup,Manufacturer_5,Low,Under Maintenance,Healthcare,Support_Group_4,Support_Group_5,Support_Group_4,Description of CI 25,KN_917,bViIE,Domain_5,Author_25,Source_4,Parent_3,German,1,0.68,Published,TRUE,31-12-2023,Description for article 25,Meta description for 25,Short desc for knowledge 25,Sub_Code_8,Resolution_9,Service,Issue_2,Cause_5,ad973456-997c-478d-a106-3407b4978cb5
Name_26,2480,CI_26,Development,Asia,Database,Hardware,Backup,Manufacturer_2,Medium,Decommissioned,Technology,Support_Group_5,Support_Group_1,Support_Group_3,Description of CI 26,KN_811,wlvxN,Domain_5,Author_26,Source_2,Parent_5,Spanish,2,0.81,Published,FALSE,31-12-2023,Description for article 26,Meta description for 26,Short desc for knowledge 26,Sub_Code_9,Resolution_8,Software,Issue_5,Cause_7,bf122a14-5594-41d2-914d-a00d8b1a75a2
Name_27,9256,CI_27,Staging,North America,Storage,Service,Storage,Manufacturer_7,Medium,Under Maintenance,Manufacturing,Support_Group_1,Support_Group_3,Support_Group_3,Description of CI 27,KN_488,EkRJx,Domain_4,Author_27,Source_4,Parent_4,French,1,0.94,Draft,TRUE,31-12-2023,Description for article 27,Meta description for 27,Short desc for knowledge 27,Sub_Code_8,Resolution_7,Software,Issue_6,Cause_7,6888b169-90fa-4498-83fe-ebe9aa517eee
Name_28,1995,CI_28,Staging,Australia,Database,Software,Backup,Manufacturer_6,Low,Decommissioned,Healthcare,Support_Group_5,Support_Group_4,Support_Group_2,Description of CI 28,KN_834,uHDfx,Domain_3,Author_28,Source_3,Parent_2,Japanese,1,0.85,Published,TRUE,31-12-2025,Description for article 28,Meta description for 28,Short desc for knowledge 28,Sub_Code_4,Resolution_8,Hardware,Issue_3,Cause_1,91fa6b05-b335-4e2e-81fe-0f897acc32e4
Name_29,6893,CI_29,Production,Europe,Storage,Service,Compute,Manufacturer_1,Critical,Operational,Manufacturing,Support_Group_2,Support_Group_1,Support_Group_5,Description of CI 29,KN_100,hHTeD,Domain_5,Author_29,Source_2,Parent_3,Spanish,4,0.53,Draft,TRUE,31-12-2023,Description for article 29,Meta description for 29,Short desc for knowledge 29,Sub_Code_8,Resolution_2,Hardware,Issue_10,Cause_6,b21d4cc1-e639-42b2-823b-460da7599605
Name_30,6766,CI_30,Staging,North America,Storage,Hardware,Storage,Manufacturer_2,Critical,Under Maintenance,Technology,Support_Group_2,Support_Group_5,Support_Group_3,Description of CI 30,KN_192,nIEdv,Domain_5,Author_30,Source_5,Parent_4,Japanese,1,0.63,Draft,TRUE,31-12-2025,Description for article 30,Meta description for 30,Short desc for knowledge 30,Sub_Code_6,Resolution_1,Service,Issue_2,Cause_6,3ab40975-1f6f-44c8-b733-ac2d6040fae8
Name_31,8750,CI_31,Development,Australia,Application,Hardware,Storage,Manufacturer_4,Critical,Under Maintenance,Healthcare,Support_Group_3,Support_Group_1,Support_Group_3,Description of CI 31,KN_905,FyasA,Domain_1,Author_31,Source_1,Parent_5,German,5,0.58,Draft,TRUE,31-12-2024,Description for article 31,Meta description for 31,Short desc for knowledge 31,Sub_Code_4,Resolution_1,Software,Issue_1,Cause_10,05975420-c11f-4bd9-b9cd-2509acf12bb3
Name_32,3524,CI_32,Development,Europe,Server,Service,Networking,Manufacturer_8,Low,Under Maintenance,Healthcare,Support_Group_2,Support_Group_1,Support_Group_2,Description of CI 32,KN_230,PlNMI,Domain_1,Author_32,Source_1,Parent_3,English,5,0.86,Draft,TRUE,31-12-2025,Description for article 32,Meta description for 32,Short desc for knowledge 32,Sub_Code_4,Resolution_9,Software,Issue_6,Cause_10,657df784-938e-4977-98b0-4976a8062ab9
Name_33,5909,CI_33,Production,Europe,Network,Software,Compute,Manufacturer_10,Critical,Decommissioned,Healthcare,Support_Group_5,Support_Group_1,Support_Group_2,Description of CI 33,KN_840,mGEHM,Domain_2,Author_33,Source_1,Parent_4,German,5,0.95,Review,FALSE,31-12-2025,Description for article 33,Meta description for 33,Short desc for knowledge 33,Sub_Code_8,Resolution_9,Service,Issue_3,Cause_3,d00fd31b-f699-4d35-9321-14a9de68337e
Name_34,9585,CI_34,Staging,Europe,Server,Hardware,Storage,Manufacturer_10,High,Operational,Manufacturing,Support_Group_1,Support_Group_2,Support_Group_3,Description of CI 34,KN_537,itfik,Domain_3,Author_34,Source_2,Parent_3,Spanish,4,0.71,Review,TRUE,31-12-2025,Description for article 34,Meta description for 34,Short desc for knowledge 34,Sub_Code_6,Resolution_9,Hardware,Issue_1,Cause_10,6260c9a6-dd43-4a02-9510-58db9d423071
Name_35,2210,CI_35,Production,Asia,Storage,Hardware,Networking,Manufacturer_4,Critical,Under Maintenance,Retail,Support_Group_3,Support_Group_1,Support_Group_4,Description of CI 35,KN_845,vXnuW,Domain_4,Author_35,Source_2,Parent_3,Japanese,1,0.98,Review,TRUE,31-12-2023,Description for article 35,Meta description for 35,Short desc for knowledge 35,Sub_Code_8,Resolution_5,Service,Issue_8,Cause_6,fa11d38f-306b-4c30-b445-4f471dbcaea3
Name_36,3436,CI_36,Staging,North America,Storage,Service,Compute,Manufacturer_1,Low,Decommissioned,Finance,Support_Group_5,Support_Group_2,Support_Group_2,Description of CI 36,KN_794,UzxyG,Domain_1,Author_36,Source_3,Parent_2,German,4,0.54,Archived,FALSE,31-12-2025,Description for article 36,Meta description for 36,Short desc for knowledge 36,Sub_Code_1,Resolution_2,Software,Issue_1,Cause_8,856a6fb8-0443-46ef-84f3-82203b3d4e9a
Name_37,6579,CI_37,Staging,Australia,Database,Software,Storage,Manufacturer_2,Low,Operational,Retail,Support_Group_1,Support_Group_5,Support_Group_2,Description of CI 37,KN_289,MbInJ,Domain_5,Author_37,Source_1,Parent_2,French,1,0.59,Archived,FALSE,31-12-2023,Description for article 37,Meta description for 37,Short desc for knowledge 37,Sub_Code_8,Resolution_7,Software,Issue_9,Cause_10,1b7b7da0-a080-465d-86f0-3b648bc37e15
Name_38,6933,CI_38,Production,Europe,Storage,Software,Networking,Manufacturer_2,Low,Decommissioned,Finance,Support_Group_4,Support_Group_2,Support_Group_2,Description of CI 38,KN_458,eBJTK,Domain_5,Author_38,Source_5,Parent_2,Spanish,3,0.91,Draft,FALSE,31-12-2024,Description for article 38,Meta description for 38,Short desc for knowledge 38,Sub_Code_3,Resolution_6,Software,Issue_10,Cause_4,faa271d9-a526-4d13-8fc0-ff5404d7d5bd
Name_39,8616,CI_39,Production,Australia,Network,Hardware,Compute,Manufacturer_6,Low,Decommissioned,Finance,Support_Group_1,Support_Group_5,Support_Group_2,Description of CI 39,KN_282,KBTNS,Domain_1,Author_39,Source_3,Parent_1,French,5,0.63,Review,TRUE,31-12-2025,Description for article 39,Meta description for 39,Short desc for knowledge 39,Sub_Code_9,Resolution_2,Hardware,Issue_10,Cause_5,03c3edef-47e4-40dc-8eca-7887e349653e
Name_40,6464,CI_40,Staging,Australia,Database,Software,Security,Manufacturer_4,Medium,Under Maintenance,Finance,Support_Group_2,Support_Group_1,Support_Group_1,Description of CI 40,KN_415,WvXKO,Domain_1,Author_40,Source_1,Parent_1,English,1,0.73,Draft,FALSE,31-12-2023,Description for article 40,Meta description for 40,Short desc for knowledge 40,Sub_Code_10,Resolution_4,Software,Issue_7,Cause_4,555fd2f5-8655-4233-bea3-31354138ed45
Name_41,4957,CI_41,Staging,North America,Storage,Software,Security,Manufacturer_7,Medium,Under Maintenance,Healthcare,Support_Group_5,Support_Group_2,Support_Group_2,Description of CI 41,KN_331,nvYOM,Domain_2,Author_41,Source_4,Parent_4,Spanish,4,0.98,Review,FALSE,31-12-2024,Description for article 41,Meta description for 41,Short desc for knowledge 41,Sub_Code_6,Resolution_5,Hardware,Issue_5,Cause_3,f9f67fa2-4eca-4688-9507-2fb1e9d05a4e
Name_42,8101,CI_42,Development,Europe,Network,Software,Security,Manufacturer_7,Medium,Under Maintenance,Manufacturing,Support_Group_2,Support_Group_1,Support_Group_2,Description of CI 42,KN_471,lvCJr,Domain_3,Author_42,Source_5,Parent_1,Spanish,5,0.76,Published,TRUE,31-12-2025,Description for article 42,Meta description for 42,Short desc for knowledge 42,Sub_Code_10,Resolution_3,Hardware,Issue_7,Cause_3,62ff6367-244d-4e01-9c88-1240407ab818
Name_43,3137,CI_43,Staging,North America,Application,Software,Networking,Manufacturer_2,Medium,Under Maintenance,Technology,Support_Group_5,Support_Group_5,Support_Group_5,Description of CI 43,KN_442,DNaVt,Domain_2,Author_43,Source_1,Parent_4,Spanish,1,0.89,Archived,TRUE,31-12-2024,Description for article 43,Meta description for 43,Short desc for knowledge 43,Sub_Code_6,Resolution_8,Software,Issue_10,Cause_2,c8c1e85f-1c64-493e-a5c5-016f6b509d5d
Name_44,5243,CI_44,Production,North America,Database,Hardware,Networking,Manufacturer_8,Medium,Operational,Technology,Support_Group_4,Support_Group_5,Support_Group_4,Description of CI 44,KN_757,sdMkD,Domain_2,Author_44,Source_1,Parent_2,English,5,0.95,Draft,FALSE,31-12-2025,Description for article 44,Meta description for 44,Short desc for knowledge 44,Sub_Code_7,Resolution_8,Hardware,Issue_7,Cause_6,8ca2696f-6455-4a7e-ad9c-d641453deb17
Name_45,4483,CI_45,Development,Asia,Storage,Hardware,Compute,Manufacturer_10,Critical,Under Maintenance,Finance,Support_Group_3,Support_Group_3,Support_Group_5,Description of CI 45,KN_142,mCMZv,Domain_1,Author_45,Source_1,Parent_2,German,4,0.87,Archived,TRUE,31-12-2024,Description for article 45,Meta description for 45,Short desc for knowledge 45,Sub_Code_3,Resolution_5,Hardware,Issue_9,Cause_6,2bc26663-1809-460a-93ba-c20b0894a95d
Name_46,7751,CI_46,Development,North America,Network,Service,Storage,Manufacturer_5,Critical,Decommissioned,Manufacturing,Support_Group_2,Support_Group_3,Support_Group_2,Description of CI 46,KN_990,oYQIs,Domain_4,Author_46,Source_3,Parent_5,German,2,0.78,Draft,TRUE,31-12-2023,Description for article 46,Meta description for 46,Short desc for knowledge 46,Sub_Code_1,Resolution_5,Software,Issue_6,Cause_5,e266f5cb-cd95-4c51-990b-84609aa47b61
Name_47,2459,CI_47,Development,Australia,Storage,Hardware,Compute,Manufacturer_3,Critical,Operational,Finance,Support_Group_1,Support_Group_2,Support_Group_5,Description of CI 47,KN_148,RRyup,Domain_3,Author_47,Source_3,Parent_5,Spanish,1,0.96,Review,FALSE,31-12-2025,Description for article 47,Meta description for 47,Short desc for knowledge 47,Sub_Code_10,Resolution_7,Hardware,Issue_8,Cause_2,6c2a899f-b12d-4c57-be90-b752a7841d3a
Name_48,9000,CI_48,Staging,Asia,Network,Service,Networking,Manufacturer_1,Low,Under Maintenance,Retail,Support_Group_4,Support_Group_3,Support_Group_4,Description of CI 48,KN_271,JWfyL,Domain_3,Author_48,Source_5,Parent_2,Japanese,2,0.91,Published,TRUE,31-12-2023,Description for article 48,Meta description for 48,Short desc for knowledge 48,Sub_Code_9,Resolution_9,Service,Issue_7,Cause_5,b68a11ab-3b33-4d5b-a92a-2cc8543acee4
Name_49,9247,CI_49,Development,Australia,Storage,Service,Compute,Manufacturer_9,High,Under Maintenance,Manufacturing,Support_Group_4,Support_Group_5,Support_Group_4,Description of CI 49,KN_262,zTqYf,Domain_4,Author_49,Source_4,Parent_5,French,1,0.83,Archived,FALSE,31-12-2025,Description for article 49,Meta description for 49,Short desc for knowledge 49,Sub_Code_7,Resolution_2,Software,Issue_9,Cause_10,251e77bf-ff72-4244-9354-07531e7ae228
Name_50,2465,CI_50,Staging,Australia,Database,Service,Networking,Manufacturer_10,High,Under Maintenance,Technology,Support_Group_1,Support_Group_1,Support_Group_5,Description of CI 50,KN_591,jeGPq,Domain_3,Author_50,Source_1,Parent_1,French,1,0.76,Archived,TRUE,31-12-2025,Description for article 50,Meta description for 50,Short desc for knowledge 50,Sub_Code_5,Resolution_4,Software,Issue_1,Cause_6,a9424d22-f28f-4b7b-b276-19239ee1eed7
Name_51,7997,CI_51,Staging,North America,Server,Service,Security,Manufacturer_10,Low,Under Maintenance,Finance,Support_Group_1,Support_Group_4,Support_Group_1,Description of CI 51,KN_520,MmyDJ,Domain_2,Author_51,Source_5,Parent_1,English,5,0.83,Draft,TRUE,31-12-2023,Description for article 51,Meta description for 51,Short desc for knowledge 51,Sub_Code_10,Resolution_9,Hardware,Issue_3,Cause_6,6aeb422c-181d-41fd-9b74-fd6bc992061d
Name_52,7136,CI_52,Staging,Australia,Application,Hardware,Storage,Manufacturer_10,High,Decommissioned,Technology,Support_Group_1,Support_Group_4,Support_Group_4,Description of CI 52,KN_909,JFmou,Domain_3,Author_52,Source_5,Parent_1,German,1,0.72,Published,FALSE,31-12-2024,Description for article 52,Meta description for 52,Short desc for knowledge 52,Sub_Code_3,Resolution_10,Service,Issue_2,Cause_2,0f63098a-5c97-4323-b952-b1985d884b6d
Name_53,2924,CI_53,Staging,North America,Database,Service,Storage,Manufacturer_10,Low,Decommissioned,Technology,Support_Group_5,Support_Group_1,Support_Group_1,Description of CI 53,KN_413,MzGJg,Domain_2,Author_53,Source_2,Parent_2,Japanese,2,0.8,Archived,TRUE,31-12-2025,Description for article 53,Meta description for 53,Short desc for knowledge 53,Sub_Code_1,Resolution_1,Software,Issue_7,Cause_6,f7a46f15-a3db-483e-848c-5b0a11537dee
Name_54,8679,CI_54,Development,North America,Application,Service,Storage,Manufacturer_3,Low,Under Maintenance,Technology,Support_Group_2,Support_Group_4,Support_Group_5,Description of CI 54,KN_415,LpeuO,Domain_3,Author_54,Source_5,Parent_5,Japanese,5,0.51,Draft,TRUE,31-12-2023,Description for article 54,Meta description for 54,Short desc for knowledge 54,Sub_Code_2,Resolution_6,Service,Issue_9,Cause_10,71442358-1d1e-44c2-a6e5-1d10982c4452
Name_55,1675,CI_55,Development,North America,Application,Software,Security,Manufacturer_6,Medium,Under Maintenance,Finance,Support_Group_5,Support_Group_2,Support_Group_2,Description of CI 55,KN_545,pEZuP,Domain_4,Author_55,Source_1,Parent_4,Japanese,2,0.79,Review,FALSE,31-12-2025,Description for article 55,Meta description for 55,Short desc for knowledge 55,Sub_Code_3,Resolution_4,Service,Issue_9,Cause_7,9cf20bbd-18b2-4487-9a78-c035a5db6655
Name_56,7463,CI_56,Development,North America,Server,Service,Backup,Manufacturer_4,Critical,Under Maintenance,Healthcare,Support_Group_2,Support_Group_4,Support_Group_1,Description of CI 56,KN_344,asSdS,Domain_1,Author_56,Source_5,Parent_5,Spanish,2,0.93,Archived,TRUE,31-12-2024,Description for article 56,Meta description for 56,Short desc for knowledge 56,Sub_Code_5,Resolution_10,Software,Issue_7,Cause_1,9bb34f68-f6e2-4363-8156-f52685c847b2
Name_57,3038,CI_57,Development,Asia,Storage,Software,Backup,Manufacturer_10,Medium,Under Maintenance,Finance,Support_Group_2,Support_Group_1,Support_Group_2,Description of CI 57,KN_784,FoORq,Domain_4,Author_57,Source_2,Parent_1,German,3,0.6,Published,TRUE,31-12-2025,Description for article 57,Meta description for 57,Short desc for knowledge 57,Sub_Code_1,Resolution_2,Hardware,Issue_4,Cause_9,69310675-6739-4856-878b-6ed052281460
Name_58,4185,CI_58,Production,Asia,Application,Hardware,Security,Manufacturer_2,High,Decommissioned,Finance,Support_Group_1,Support_Group_5,Support_Group_1,Description of CI 58,KN_588,UoPrB,Domain_5,Author_58,Source_1,Parent_2,French,2,0.69,Review,FALSE,31-12-2023,Description for article 58,Meta description for 58,Short desc for knowledge 58,Sub_Code_7,Resolution_5,Service,Issue_6,Cause_1,c8fb579d-2105-4328-bf70-ff94e575fb0b
Name_59,7460,CI_59,Production,Europe,Storage,Hardware,Networking,Manufacturer_4,High,Decommissioned,Healthcare,Support_Group_4,Support_Group_1,Support_Group_4,Description of CI 59,KN_539,LGCVf,Domain_1,Author_59,Source_2,Parent_4,Spanish,4,0.92,Published,FALSE,31-12-2023,Description for article 59,Meta description for 59,Short desc for knowledge 59,Sub_Code_10,Resolution_8,Hardware,Issue_7,Cause_2,70c722bf-4bf6-4b00-a863-9022209e8424
Name_60,5529,CI_60,Staging,Australia,Storage,Software,Backup,Manufacturer_4,Low,Operational,Healthcare,Support_Group_1,Support_Group_3,Support_Group_3,Description of CI 60,KN_790,rRcLf,Domain_4,Author_60,Source_5,Parent_4,English,2,0.65,Draft,TRUE,31-12-2023,Description for article 60,Meta description for 60,Short desc for knowledge 60,Sub_Code_10,Resolution_7,Software,Issue_8,Cause_6,872fbc2a-0487-4cc5-8082-b06c8533b132
Name_61,9151,CI_61,Development,Australia,Server,Software,Security,Manufacturer_1,High,Decommissioned,Manufacturing,Support_Group_1,Support_Group_5,Support_Group_3,Description of CI 61,KN_891,zvKbE,Domain_3,Author_61,Source_1,Parent_3,French,2,0.69,Review,TRUE,31-12-2024,Description for article 61,Meta description for 61,Short desc for knowledge 61,Sub_Code_6,Resolution_7,Service,Issue_3,Cause_1,9bc86095-b6f4-4c84-a4a9-71079bb818fd
Name_62,3028,CI_62,Development,Europe,Server,Hardware,Backup,Manufacturer_5,Low,Decommissioned,Technology,Support_Group_2,Support_Group_5,Support_Group_3,Description of CI 62,KN_519,fzyfr,Domain_2,Author_62,Source_5,Parent_1,English,1,0.96,Draft,TRUE,31-12-2024,Description for article 62,Meta description for 62,Short desc for knowledge 62,Sub_Code_4,Resolution_8,Hardware,Issue_4,Cause_1,6668ef36-2c58-44a4-aac2-ac624c364182
Name_63,9472,CI_63,Development,Asia,Application,Hardware,Storage,Manufacturer_6,Critical,Decommissioned,Finance,Support_Group_4,Support_Group_5,Support_Group_1,Description of CI 63,KN_645,gQUwS,Domain_3,Author_63,Source_3,Parent_1,Japanese,4,0.7,Archived,FALSE,31-12-2024,Description for article 63,Meta description for 63,Short desc for knowledge 63,Sub_Code_7,Resolution_4,Hardware,Issue_6,Cause_7,663f28e3-860d-402e-a594-dca98c9b6296
Name_64,5954,CI_64,Staging,North America,Database,Software,Compute,Manufacturer_4,High,Decommissioned,Technology,Support_Group_4,Support_Group_2,Support_Group_5,Description of CI 64,KN_921,RFAKv,Domain_1,Author_64,Source_1,Parent_5,Spanish,4,0.75,Review,TRUE,31-12-2025,Description for article 64,Meta description for 64,Short desc for knowledge 64,Sub_Code_4,Resolution_9,Hardware,Issue_8,Cause_8,454368c8-565d-45fe-9926-b2b6ae124b6a
Name_65,4997,CI_65,Staging,Asia,Database,Software,Backup,Manufacturer_9,Critical,Operational,Manufacturing,Support_Group_4,Support_Group_3,Support_Group_4,Description of CI 65,KN_262,orWcU,Domain_5,Author_65,Source_5,Parent_2,French,5,0.74,Archived,TRUE,31-12-2025,Description for article 65,Meta description for 65,Short desc for knowledge 65,Sub_Code_7,Resolution_7,Software,Issue_1,Cause_2,45c3d09d-23ce-4eed-a1c3-a750c467c78b
Name_66,8090,CI_66,Development,Australia,Application,Software,Compute,Manufacturer_1,Medium,Decommissioned,Manufacturing,Support_Group_2,Support_Group_3,Support_Group_1,Description of CI 66,KN_735,oHzAa,Domain_3,Author_66,Source_5,Parent_4,English,5,0.84,Review,TRUE,31-12-2025,Description for article 66,Meta description for 66,Short desc for knowledge 66,Sub_Code_9,Resolution_9,Software,Issue_1,Cause_6,e4f6c6d1-542b-48b6-b17a-85de3035bf3a
Name_67,4162,CI_67,Staging,Asia,Database,Software,Networking,Manufacturer_2,Medium,Decommissioned,Finance,Support_Group_2,Support_Group_5,Support_Group_3,Description of CI 67,KN_395,yQWef,Domain_2,Author_67,Source_1,Parent_2,Spanish,5,0.64,Draft,FALSE,31-12-2024,Description for article 67,Meta description for 67,Short desc for knowledge 67,Sub_Code_3,Resolution_6,Hardware,Issue_9,Cause_3,92c852f3-35ab-471b-8cf6-639e870ecad2
Name_68,3655,CI_68,Staging,Asia,Server,Software,Backup,Manufacturer_1,Critical,Operational,Finance,Support_Group_4,Support_Group_5,Support_Group_2,Description of CI 68,KN_684,qHwub,Domain_5,Author_68,Source_4,Parent_2,Spanish,4,0.73,Draft,FALSE,31-12-2024,Description for article 68,Meta description for 68,Short desc for knowledge 68,Sub_Code_7,Resolution_9,Service,Issue_1,Cause_2,3b4af010-e5cd-47f4-998f-573756bd61d2
Name_69,1074,CI_69,Production,Australia,Application,Service,Storage,Manufacturer_4,Critical,Under Maintenance,Retail,Support_Group_2,Support_Group_1,Support_Group_2,Description of CI 69,KN_807,Jablx,Domain_2,Author_69,Source_2,Parent_5,French,5,0.97,Archived,TRUE,31-12-2024,Description for article 69,Meta description for 69,Short desc for knowledge 69,Sub_Code_6,Resolution_4,Service,Issue_9,Cause_8,da461c4a-a2cd-4f26-8657-47c9bedbd932
Name_70,3627,CI_70,Production,Australia,Storage,Hardware,Networking,Manufacturer_4,Medium,Operational,Manufacturing,Support_Group_1,Support_Group_4,Support_Group_4,Description of CI 70,KN_620,aRWTv,Domain_3,Author_70,Source_5,Parent_5,English,2,0.93,Review,TRUE,31-12-2025,Description for article 70,Meta description for 70,Short desc for knowledge 70,Sub_Code_6,Resolution_4,Hardware,Issue_7,Cause_2,68fd11b9-aeb3-42ed-b24b-1ab1712a2b26
Name_71,8227,CI_71,Development,Asia,Server,Hardware,Compute,Manufacturer_8,Medium,Under Maintenance,Retail,Support_Group_4,Support_Group_3,Support_Group_3,Description of CI 71,KN_374,LCHkx,Domain_2,Author_71,Source_1,Parent_4,German,5,0.98,Published,TRUE,31-12-2024,Description for article 71,Meta description for 71,Short desc for knowledge 71,Sub_Code_10,Resolution_7,Service,Issue_8,Cause_8,47126a4c-3bd4-40cf-929c-06da1164c839
Name_72,2475,CI_72,Development,North America,Database,Service,Security,Manufacturer_7,Medium,Under Maintenance,Technology,Support_Group_5,Support_Group_5,Support_Group_1,Description of CI 72,KN_785,GEkEo,Domain_5,Author_72,Source_3,Parent_4,Japanese,2,0.52,Published,FALSE,31-12-2023,Description for article 72,Meta description for 72,Short desc for knowledge 72,Sub_Code_1,Resolution_5,Software,Issue_2,Cause_4,5f6f1158-e0d9-4709-98f7-b737f42bbaa7
Name_73,3618,CI_73,Staging,Europe,Network,Software,Compute,Manufacturer_2,Critical,Operational,Healthcare,Support_Group_4,Support_Group_3,Support_Group_3,Description of CI 73,KN_956,TPlkm,Domain_1,Author_73,Source_2,Parent_2,French,1,0.78,Review,TRUE,31-12-2025,Description for article 73,Meta description for 73,Short desc for knowledge 73,Sub_Code_2,Resolution_6,Software,Issue_10,Cause_2,46fdb997-b46c-4b9c-9199-677b360127a3
Name_74,8459,CI_74,Production,Asia,Database,Software,Compute,Manufacturer_8,Medium,Under Maintenance,Manufacturing,Support_Group_1,Support_Group_4,Support_Group_3,Description of CI 74,KN_238,zmDHg,Domain_1,Author_74,Source_4,Parent_4,English,2,0.76,Review,FALSE,31-12-2023,Description for article 74,Meta description for 74,Short desc for knowledge 74,Sub_Code_6,Resolution_10,Hardware,Issue_5,Cause_4,c9cb45ab-c64a-4e42-afeb-e7e0af1f28f8
Name_75,3923,CI_75,Development,Europe,Application,Hardware,Networking,Manufacturer_3,Critical,Operational,Healthcare,Support_Group_3,Support_Group_3,Support_Group_5,Description of CI 75,KN_521,PhMpx,Domain_4,Author_75,Source_2,Parent_2,Spanish,4,0.84,Review,FALSE,31-12-2023,Description for article 75,Meta description for 75,Short desc for knowledge 75,Sub_Code_3,Resolution_10,Hardware,Issue_6,Cause_8,dd964965-b8a7-4b7e-936e-704ef66bddb9
Name_76,7011,CI_76,Production,North America,Application,Software,Networking,Manufacturer_6,High,Decommissioned,Finance,Support_Group_5,Support_Group_2,Support_Group_2,Description of CI 76,KN_770,OXYVk,Domain_2,Author_76,Source_5,Parent_3,German,3,0.56,Review,TRUE,31-12-2023,Description for article 76,Meta description for 76,Short desc for knowledge 76,Sub_Code_10,Resolution_9,Software,Issue_10,Cause_1,a74de37c-2892-4b92-a1aa-c8d8393e2c75
Name_77,5127,CI_77,Development,North America,Network,Hardware,Networking,Manufacturer_4,Medium,Operational,Technology,Support_Group_4,Support_Group_3,Support_Group_5,Description of CI 77,KN_484,UAOos,Domain_4,Author_77,Source_3,Parent_2,German,3,0.81,Review,TRUE,31-12-2023,Description for article 77,Meta description for 77,Short desc for knowledge 77,Sub_Code_5,Resolution_10,Software,Issue_4,Cause_9,b11a683c-24d3-4057-a062-ee07dd7cdd22
Name_78,1033,CI_78,Production,North America,Application,Software,Backup,Manufacturer_10,High,Decommissioned,Retail,Support_Group_2,Support_Group_1,Support_Group_4,Description of CI 78,KN_966,hiutQ,Domain_4,Author_78,Source_1,Parent_4,Japanese,1,0.93,Draft,FALSE,31-12-2025,Description for article 78,Meta description for 78,Short desc for knowledge 78,Sub_Code_6,Resolution_9,Software,Issue_8,Cause_6,86e4d589-ece5-4d26-b5ba-ed2fe0b34d5a
Name_79,1874,CI_79,Development,Australia,Database,Software,Compute,Manufacturer_6,High,Under Maintenance,Healthcare,Support_Group_1,Support_Group_4,Support_Group_2,Description of CI 79,KN_241,NrYuS,Domain_4,Author_79,Source_1,Parent_5,English,1,0.55,Review,TRUE,31-12-2024,Description for article 79,Meta description for 79,Short desc for knowledge 79,Sub_Code_8,Resolution_2,Software,Issue_9,Cause_8,78b71fd6-703f-4b33-ac5a-9075d6ef4001
Name_80,9524,CI_80,Staging,Asia,Application,Service,Security,Manufacturer_10,Low,Operational,Retail,Support_Group_1,Support_Group_3,Support_Group_2,Description of CI 80,KN_923,kNSmc,Domain_2,Author_80,Source_4,Parent_5,French,4,0.91,Draft,FALSE,31-12-2023,Description for article 80,Meta description for 80,Short desc for knowledge 80,Sub_Code_2,Resolution_8,Software,Issue_6,Cause_2,4cb50566-3d49-4e18-b7e0-0a7777f7043b
Name_81,4206,CI_81,Development,North America,Application,Hardware,Compute,Manufacturer_5,Critical,Operational,Finance,Support_Group_4,Support_Group_4,Support_Group_2,Description of CI 81,KN_746,arykL,Domain_3,Author_81,Source_4,Parent_5,French,5,0.57,Archived,TRUE,31-12-2023,Description for article 81,Meta description for 81,Short desc for knowledge 81,Sub_Code_6,Resolution_1,Hardware,Issue_1,Cause_6,785fbc43-8646-4e79-9676-a70f48a7aea4
Name_82,7666,CI_82,Staging,Asia,Network,Software,Backup,Manufacturer_7,Medium,Operational,Healthcare,Support_Group_1,Support_Group_5,Support_Group_2,Description of CI 82,KN_254,Qmhog,Domain_1,Author_82,Source_5,Parent_4,Japanese,2,0.56,Published,TRUE,31-12-2023,Description for article 82,Meta description for 82,Short desc for knowledge 82,Sub_Code_1,Resolution_3,Software,Issue_7,Cause_5,d07a52b9-9097-439e-bdc4-30243190e089
Name_83,9602,CI_83,Development,Australia,Storage,Software,Storage,Manufacturer_8,Critical,Operational,Healthcare,Support_Group_4,Support_Group_2,Support_Group_5,Description of CI 83,KN_162,aNAwl,Domain_4,Author_83,Source_5,Parent_4,German,3,0.95,Review,FALSE,31-12-2024,Description for article 83,Meta description for 83,Short desc for knowledge 83,Sub_Code_5,Resolution_2,Service,Issue_9,Cause_5,8715f797-172b-4ddc-b30f-ba8ec498d3dc
Name_84,2351,CI_84,Production,Asia,Server,Service,Compute,Manufacturer_9,Low,Under Maintenance,Manufacturing,Support_Group_5,Support_Group_2,Support_Group_3,Description of CI 84,KN_260,Eafls,Domain_2,Author_84,Source_3,Parent_5,English,4,0.77,Review,FALSE,31-12-2024,Description for article 84,Meta description for 84,Short desc for knowledge 84,Sub_Code_6,Resolution_2,Software,Issue_2,Cause_1,757b9123-7af6-493e-bd3b-00cdfd4d3185
Name_85,6501,CI_85,Production,Asia,Application,Software,Compute,Manufacturer_8,Low,Operational,Finance,Support_Group_5,Support_Group_2,Support_Group_2,Description of CI 85,KN_215,BENHu,Domain_5,Author_85,Source_4,Parent_5,English,3,0.73,Archived,FALSE,31-12-2025,Description for article 85,Meta description for 85,Short desc for knowledge 85,Sub_Code_1,Resolution_6,Software,Issue_10,Cause_5,00948fef-5d03-4732-94e6-82cc3a6e35ea
Name_86,6314,CI_86,Development,Asia,Storage,Hardware,Security,Manufacturer_2,Critical,Operational,Healthcare,Support_Group_1,Support_Group_1,Support_Group_2,Description of CI 86,KN_755,cczuM,Domain_2,Author_86,Source_4,Parent_5,Japanese,4,0.96,Archived,TRUE,31-12-2024,Description for article 86,Meta description for 86,Short desc for knowledge 86,Sub_Code_1,Resolution_8,Software,Issue_8,Cause_7,30d91398-6eb6-474e-af74-3a13eb7c339b
Name_87,2844,CI_87,Staging,Australia,Database,Hardware,Compute,Manufacturer_5,Critical,Decommissioned,Retail,Support_Group_1,Support_Group_1,Support_Group_2,Description of CI 87,KN_281,pKgny,Domain_4,Author_87,Source_5,Parent_1,French,3,0.87,Published,TRUE,31-12-2023,Description for article 87,Meta description for 87,Short desc for knowledge 87,Sub_Code_2,Resolution_4,Hardware,Issue_5,Cause_7,d6328d8f-7803-4b8a-840b-88ec263c3fde
Name_88,4042,CI_88,Production,North America,Database,Service,Security,Manufacturer_3,Critical,Under Maintenance,Technology,Support_Group_1,Support_Group_2,Support_Group_5,Description of CI 88,KN_951,FZYCN,Domain_4,Author_88,Source_3,Parent_4,Japanese,2,0.61,Archived,FALSE,31-12-2024,Description for article 88,Meta description for 88,Short desc for knowledge 88,Sub_Code_10,Resolution_7,Hardware,Issue_1,Cause_7,cb88918e-f394-4956-897f-492b4ebe2fdb
Name_89,1093,CI_89,Development,Europe,Storage,Hardware,Networking,Manufacturer_3,Medium,Decommissioned,Manufacturing,Support_Group_1,Support_Group_1,Support_Group_3,Description of CI 89,KN_589,gJqrz,Domain_1,Author_89,Source_4,Parent_4,English,4,0.81,Published,FALSE,31-12-2024,Description for article 89,Meta description for 89,Short desc for knowledge 89,Sub_Code_4,Resolution_3,Hardware,Issue_7,Cause_5,04f7eb20-c4c1-4e10-b106-29ce4b44f3d1
Name_90,9154,CI_90,Production,North America,Storage,Service,Networking,Manufacturer_9,Low,Under Maintenance,Healthcare,Support_Group_4,Support_Group_3,Support_Group_4,Description of CI 90,KN_871,Cbhzo,Domain_1,Author_90,Source_3,Parent_5,French,4,0.77,Published,TRUE,31-12-2023,Description for article 90,Meta description for 90,Short desc for knowledge 90,Sub_Code_3,Resolution_8,Software,Issue_7,Cause_1,e8810c27-9732-43f1-bfae-ddcb99492551
Name_91,7820,CI_91,Production,Australia,Storage,Service,Compute,Manufacturer_7,Critical,Under Maintenance,Retail,Support_Group_2,Support_Group_1,Support_Group_5,Description of CI 91,KN_729,oOVaD,Domain_3,Author_91,Source_1,Parent_2,French,2,0.53,Published,TRUE,31-12-2024,Description for article 91,Meta description for 91,Short desc for knowledge 91,Sub_Code_7,Resolution_6,Hardware,Issue_4,Cause_4,3cf74d53-59e9-4e2f-adf5-e90368703a12
Name_92,3242,CI_92,Development,Australia,Storage,Service,Security,Manufacturer_4,Critical,Under Maintenance,Technology,Support_Group_2,Support_Group_4,Support_Group_2,Description of CI 92,KN_141,DtaRN,Domain_1,Author_92,Source_4,Parent_2,English,1,0.65,Archived,FALSE,31-12-2023,Description for article 92,Meta description for 92,Short desc for knowledge 92,Sub_Code_8,Resolution_7,Service,Issue_7,Cause_6,efd97501-40bd-44c4-8527-e3480a85bf58
Name_93,9038,CI_93,Production,North America,Database,Service,Backup,Manufacturer_3,Medium,Under Maintenance,Retail,Support_Group_4,Support_Group_5,Support_Group_4,Description of CI 93,KN_894,SSWUq,Domain_4,Author_93,Source_3,Parent_1,Japanese,5,0.84,Archived,FALSE,31-12-2025,Description for article 93,Meta description for 93,Short desc for knowledge 93,Sub_Code_6,Resolution_8,Service,Issue_3,Cause_4,4e8ba5f9-cd97-430c-a60f-1d2b105e1279
Name_94,9215,CI_94,Staging,Australia,Database,Hardware,Backup,Manufacturer_9,High,Under Maintenance,Retail,Support_Group_1,Support_Group_2,Support_Group_3,Description of CI 94,KN_122,ExAhZ,Domain_5,Author_94,Source_3,Parent_2,Japanese,4,0.86,Published,TRUE,31-12-2025,Description for article 94,Meta description for 94,Short desc for knowledge 94,Sub_Code_3,Resolution_6,Service,Issue_3,Cause_10,cc3a028c-991a-49f3-9504-b63b9576026f
Name_95,4640,CI_95,Production,Australia,Server,Hardware,Security,Manufacturer_10,Low,Operational,Technology,Support_Group_4,Support_Group_2,Support_Group_1,Description of CI 95,KN_451,DgBae,Domain_5,Author_95,Source_2,Parent_3,English,2,0.78,Draft,TRUE,31-12-2024,Description for article 95,Meta description for 95,Short desc for knowledge 95,Sub_Code_5,Resolution_8,Software,Issue_7,Cause_6,7602187a-dd40-4377-a6be-63befcdc009c
Name_96,8666,CI_96,Production,North America,Network,Software,Storage,Manufacturer_2,Critical,Operational,Finance,Support_Group_2,Support_Group_2,Support_Group_4,Description of CI 96,KN_847,yemMf,Domain_2,Author_96,Source_1,Parent_1,English,1,0.66,Archived,TRUE,31-12-2024,Description for article 96,Meta description for 96,Short desc for knowledge 96,Sub_Code_9,Resolution_7,Service,Issue_9,Cause_9,782b69bc-ec3f-46e4-82d9-ea1506e0e866
Name_97,9562,CI_97,Staging,North America,Application,Hardware,Security,Manufacturer_9,Critical,Under Maintenance,Manufacturing,Support_Group_3,Support_Group_2,Support_Group_4,Description of CI 97,KN_297,BhZtt,Domain_1,Author_97,Source_1,Parent_5,French,3,0.7,Archived,FALSE,31-12-2023,Description for article 97,Meta description for 97,Short desc for knowledge 97,Sub_Code_2,Resolution_7,Hardware,Issue_4,Cause_3,3b942f80-f1cd-4c97-8449-7cd6cd27dc49
Name_98,6521,CI_98,Production,Asia,Network,Service,Storage,Manufacturer_2,High,Under Maintenance,Retail,Support_Group_4,Support_Group_4,Support_Group_4,Description of CI 98,KN_977,BTaYf,Domain_1,Author_98,Source_3,Parent_3,German,4,0.95,Archived,TRUE,31-12-2025,Description for article 98,Meta description for 98,Short desc for knowledge 98,Sub_Code_7,Resolution_6,Service,Issue_1,Cause_9,47ea419b-6201-4e86-9d33-8656d6063e3b
Name_99,7357,CI_99,Staging,Australia,Storage,Software,Backup,Manufacturer_4,High,Under Maintenance,Retail,Support_Group_1,Support_Group_5,Support_Group_1,Description of CI 99,KN_485,Azbxj,Domain_2,Author_99,Source_2,Parent_1,English,3,0.53,Draft,TRUE,31-12-2024,Description for article 99,Meta description for 99,Short desc for knowledge 99,Sub_Code_2,Resolution_7,Service,Issue_10,Cause_10,09c8d5da-a427-4524-a7fb-215efda1653b
Name_100,9499,CI_100,Production,North America,Server,Service,Security,Manufacturer_3,High,Under Maintenance,Healthcare,Support_Group_4,Support_Group_1,Support_Group_2,Description of CI 100,KN_292,hUiKa,Domain_3,Author_100,Source_4,Parent_1,German,4,0.61,Published,FALSE,31-12-2023,Description for article 100,Meta description for 100,Short desc for knowledge 100,Sub_Code_5,Resolution_10,Hardware,Issue_8,Cause_4,deb840eb-5c1c-409f-85b7-ec29a4765433
